material,avg_m_no_oxygen,avg_r_no_oxygen,avg_r_diff,avg_m_w_oxygen,avg_r_w_oxygen,parent perovskite 1,parent perovskite 2,parent perovskite 3,parent perovskite 4,t_factor,a_site_electronegativity,b_site_electronegativity,electro_diff,T,family,sample_type,measurement_direction,Note,Direction,Substrate,measurement_type,d_star,k_star,ead,eak,First Author,Second Author,Year,DOI,HHI Production average - with oxygen,HHI Production average - without oxygen,HHI Reserve average - with oxygen,HHI Reserve average - without oxygen,Doping Group
GdBaCo_2O_(5+x),54.7,107,,103.1,166,,,,,,,,,1000,Double Perovskite,Ceramic,bulk,,,,IEDP/SIMS,1.80E-09,1.20E-06,0.6,0.81,Tarancon,Skinner,2007,10.1039/b704320a,-2355.555556,-4675,1477.777778,2700,
La_(0.8)Sr_(0.2)CoO_(3+x),47.1,102.2,1,93.8,165.5,LaCo,SrCo,,,0.984863968,1.07,1.88,-0.81,1000,Perovskite,Ceramic,bulk,,,,IEDP/SIMS,2.40E-10,1.80E-07,2.2,1.3,De Souza,Kilner,1999,10.1016/S0167-2738(99)00228-3,-2608,-5770,1456,2890,
La_(0.8)Sr_(0.2)Mn_(0.5)Co_(0.5)O_(3+x),46.7,102.7,3.5,92.8,166.8,LaCo,LaMn,SrMn,SrCo,0.97821686,1.07,1.715,-0.645,1000,Perovskite,Ceramic,bulk,,,,IEDP/SIMS,5.90E-14,8.4E-09,2.7E+00,1.2,De Souza,Kilner,1999,10.1016/S0167-2738(99)00228-3,-2458,-5395,1366,2665,
La_(0.8)Sr_(0.2)Mn_(0.7)Co_(0.3)O_(3+x),46.6,102.9,2.5,92.4,167.3,LaMn,LaCo,SrMn,SrCo,0.975558017,1.07,1.649,-0.579,1000,Perovskite,Ceramic,bulk,,,,IEDP/SIMS,6.30E-15,1.5E-09,3.0E+00,1.7,De Souza,Kilner,1999,10.1016/S0167-2738(99)00228-3,-2398,-5245,1330,2575,
La_(0.8)Sr_(0.2)Mn_(0.8)Co_(0.2)O_(3+x),46.5,103,2,92.2,167.5,LaMn,LaCo,SrMn,SrCo,0.974228595,1.07,1.616,-0.546,1000,Perovskite,Ceramic,bulk,,,,IEDP/SIMS,6.20E-16,5.3E-10,3.5E+00,2.1,De Souza,Kilner,1999,10.1016/S0167-2738(99)00228-3,-2368,-5170,1312,2530,
La_(0.8)Sr_(0.2)MnO_(3+x),46.3,103.2,1,91.8,168,LaMn,SrMn,,,0.971569752,1.07,1.55,-0.48,1000,Perovskite,Ceramic,bulk,,,,IEDP/SIMS,8.90E-16,1.5E-09,2.8E+00,1.3,De Souza,Kilner,1999,10.1016/S0167-2738(99)00228-3,-2308,-5020,1276,2440,
La(0.5)Sr(0.5)CoO(3+x),44,102.5,2.5,86.1,166.3,LaCo,SrCo,,,1.005731028,1.025,1.88,-0.855,1000,Perovskite,Ceramic,bulk,,,,IEDP/SIMS,2.30E-08,5.60E-06,1.40E+00,0.81,De Souza,Kilner,1999,10.1016/S0167-2738(99)00228-3,-2290,-4975,1450,2875,
La(0.5)Sr(0.5)Mn(0.8)Co(0.2)O(3+x),43.4,103.3,3.5,84.5,168.3,LaMn,LaCo,SrMn,SrCo,0.99908392,1.025,1.616,-0.591,1000,Perovskite,Ceramic,bulk,,,,IEDP/SIMS,5.90E-14,1.30E-08,2.94E+00,1.05,De Souza,Kilner,1999,10.1016/S0167-2738(99)00228-3,-2050,-4375,1306,2515,
La(0.5)Sr(0.5)MnO(3+x),43.2,103.5,2.5,84.1,168.8,LaMn,SrMn,,,0.997422142,1.025,1.55,-0.525,1000,Perovskite,Ceramic,bulk,,,,IEDP/SIMS,1.80E-15,1.80E-09,3.55E+00,2.23,De Souza,Kilner,1999,10.1016/S0167-2738(99)00228-3,-1990,-4225,1270,2425,
PrBaCo_2O_(5+x),52.9,107,,99,167,,,,,,,,,600,Double Perovskite,Ceramic,bulk,,,,IEDP/SIMS,4.00E-08,3.4E-06,4.80E-01,0.68,Kim,Wang,1,10.1039/b618345j,-2355.555556,-4675,1477.777778,2700,
La(2)NiO(4+x),57.2,109,,112.2,175,LaNi,,,,0.975807358,1.1,1.91,-0.81,1000,Ruddlesden-Popper,Ceramic,bulk,,,,IEDP/SIMS,6.10E-08,2.90E-07,8.50E-01,1.61,Skinner,Kilner,2000,10.1016/S0167-2738(00)00388-X,-3142.857143,-6666.666667,1385.714286,2566.666667,
La_(1.9)Sr_(0.1)NiO_(4+x),56.5,109.4,0.5,110.5,175.2,LaNi,SrNi,,,0.980426119,1.0925,1.91,-0.8175,1000,Ruddlesden-Popper,Ceramic,bulk,,,,IEDP/SIMS,1.20E-08,3.70E-07,5.70E-01,1.29,Skinner,Kilner,2000,10.1016/S0167-2738(00)00388-X,-3067.142857,-6490,1384.285714,2563.333333,
La_(0.3)Sr_(0.7)CoO_(3-x),42,102.7,1.5,81,166.8,LaCo,SrCo,,,1.019642401,0.995,1.88,-0.885,1000,Perovskite,Ceramic,bulk,,,,IEDP/SIMS,8.40E-07,1.20E-05,2.90E-01,0.58,van Doorn,Fullarton,1997,10.1016/S0167-2738(97)00011-8,-2078,-4445,1446,2865,
La_(0.9)Sr_(0.1)Ga_(0.8)Mg_(0.2)O_(3),48.5,101.9,4.5,97.2,164.8,LaGa,LaMg,SrGa,SrMg,,1.085,1.71,-0.625,1000,Perovskite,Ceramic,bulk,,,,IEDP/SIMS,1.60E-07,6.00E-08,7.90E-01,1.57,Ishihara,Kilner,1997,10.1021/ja964128l,-3186,-7215,1242,2355,
La_(2)NiO_(4+x),57.2,109,,112.2,175,LaNi,,,,0.975807358,1.1,1.91,-0.81,1000,Ruddlesden-Popper,Ceramic,bulk,,,,IEDP/SIMS,6.40E-08,2.50E-06,8.70E-01,0.44,Boehm,Bassat,2003,10.1016/S1293-2558(03)00091-8,-3142.857143,-6666.666667,1385.714286,2566.666667,
La_(2)Ni_(0.75)Cu_(0.25)O_(4+x),57.4,109.3,0,112.6,175,LaNi,LaCu,,,0.98335226,1.1,1.9075,-0.8075,1000,Ruddlesden-Popper,Ceramic,bulk,,,,IEDP/SIMS,3.80E-08,1.60E-06,6.40E-01,1.24,Boehm,Bassat,2003,10.1016/S1293-2558(03)00091-8,-3164.285714,-6716.666667,1385.714286,2566.666667,
La_(2)Ni_(0.5)Cu_(0.5)O_(4+x),57.6,109.3,0,113,175,LaNi,LaCu,,,0.990897163,1.1,1.905,-0.805,1000,Ruddlesden-Popper,Ceramic,bulk,,,,IEDP/SIMS,3.00E-08,7.60E-07,6.50E-01,1.23,Boehm,Bassat,2003,10.1016/S1293-2558(03)00091-8,-3185.714286,-6766.666667,1385.714286,2566.666667,
La_(2)Ni_(0.25)Cu_(0.75)O_(4+x),57.7,109.3,0,113.4,175,LaNi,LaCu,,,0.998442065,1.1,1.9025,-0.8025,1000,Ruddlesden-Popper,Ceramic,bulk,,,,IEDP/SIMS,2.30E-08,4.10E-07,7.30E-01,1.37,Boehm,Bassat,2003,10.1016/S1293-2558(03)00091-8,-3207.142857,-6816.666667,1385.714286,2566.666667,
La_(2)CuO_(4+x),57.9,109,,113.8,175,LaCu,,,,1.005986967,1.1,1.9,-0.8,1000,Ruddlesden-Popper,Ceramic,bulk,,,,IEDP/SIMS,2.00E-08,1.50E-06,1.18E+00,0.61,Boehm,Bassat,2003,10.1016/S1293-2558(03)00091-8,-3228.571429,-6866.666667,1385.714286,2566.666667,
La_(0.5)Sr_(0.5)CoO_(3-x),44,102.5,2.5,86.1,166.3,LaCo,SrCo,,,1.005731028,1.025,1.88,-0.855,1000,Perovskite,Ceramic,bulk,,,,ECR,9.90E-08,3.90E-08,1.38E+00,0.69,Wang,Verma,2001,10.1016/S0167-2738(01)00709-3,-2290,-4975,1450,2875,
La_2NiO_(4+x),57.2,109,,112.2,175,LaNi,,,,0.975807358,1.1,1.91,-0.81,1000,Ruddlesden-Popper,Ceramic,bulk,,,,IEDP/SIMS,3.50E-08,2.60E-07,5.90E-01,1.29,Kilner,Shaw,2002,10.1016/S0167-2738(02)00506-4,-3142.857143,-6666.666667,1385.714286,2566.666667,
La_2Ni_(0.9)Co_(0.1)O_(4+x),57.2,109.3,0,112.2,175,LaNi,LaCo,,,0.975321882,1.1,1.907,-0.807,1000,Ruddlesden-Popper,Ceramic,bulk,,,,IEDP/SIMS,3.10E-08,1.60E-06,6.20E-01,0.58,Kilner,Shaw,2002,10.1016/S0167-2738(02)00506-4,-3172.857143,-6736.666667,1402.857143,2606.666667,
La_2Ni_(0.8)Co_(0.2)O_(4+x),57.2,109.3,0,112.2,175,LaNi,LaCo,,,0.974836405,1.1,1.904,-0.804,1000,Ruddlesden-Popper,Ceramic,bulk,,,,IEDP/SIMS,4.20E-08,1.20E-06,7.00E-01,0.31,Kilner,Shaw,2002,10.1016/S0167-2738(02)00506-4,-3202.857143,-6806.666667,1420,2646.666667,
La_2Ni_(0.5)Co_(0.5)O_(4+x),57.2,109.3,0,112.2,175,LaNi,LaCo,,,0.973379977,1.1,1.895,-0.795,1000,Ruddlesden-Popper,Ceramic,bulk,,,,IEDP/SIMS,5.80E-08,1.20E-06,7.40E-01,0.27,Kilner,Shaw,2002,10.1016/S0167-2738(02)00506-4,-3292.857143,-7016.666667,1471.428571,2766.666667,
La_(0.6)Sr_(0.4)Fe_(0.6)Ga_(0.4)O_(3-x),45.6,102.6,6,89.9,166.5,LaFe,LaGa,SrFe,SrGa,,1.04,1.822,-0.782,1000,Perovskite,Ceramic,bulk,,,,IEDP/SIMS,4.90E-08,5.90E-07,8.60E-01,0.93,Geffroy,Bassat,2010,10.1016/j.memsci.2010.03.001,-2504,-5510,1232,2330,
La_(0.6)Sr_(0.4)Fe_(0.9)Ga_(0.1)O_(3-x),44.7,103.2,3,87.8,168,LaFe,LaGa,SrFe,SrGa,,1.04,1.828,-0.788,1000,Perovskite,Ceramic,bulk,,,,IEDP/SIMS,1.10E-08,4.30E-07,1.22E+00,0.83,Geffroy,Bassat,2010,10.1016/j.memsci.2010.03.001,-2318,-5045,1202,2255,
La_(0.8)Sr_(0.2)Fe_(0.7)Ga_(0.3)O_(3-x),47.3,102.6,4,94.3,166.5,LaFe,LaGa,SrFe,SrGa,,1.07,1.824,-0.754,1000,Perovskite,Ceramic,bulk,,,,IEDP/SIMS,4.40E-10,1.90E-07,1.69E+00,0.88,Geffroy,Bassat,2010,10.1016/j.memsci.2010.03.001,-2654,-5885,1226,2315,
La_(0.9)Sr_(0.1)Fe_(0.9)Ga_(0.1)O_(3-x),47.8,102.9,1.5,95.5,167.3,LaFe,LaGa,SrFe,SrGa,,1.085,1.828,-0.743,1000,Perovskite,Ceramic,bulk,,,,IEDP/SIMS,2.80E-12,6.80E-09,2.76E+00,0.93,Geffroy,Bassat,2010,10.1016/j.memsci.2010.03.001,-2636,-5840,1208,2270,
LaMnO(3+x),48.4,103,,96.9,167,LaMn,,,,0.954334824,1.1,1.55,-0.45,1000,Perovskite,Ceramic,bulk,,,,IEDP/SIMS,1.50E-15,3.40E-09,2.5,1.49,Berenov,MacManus-Driscoll,1999,10.1016/S0167-2738(99)00077-6,-2520,-5550,1280,2450,
La(0.9)MnO(3+x),46.5,101.1,,94.7,166.1,LaMn,,,,0.954334824,1.1,1.55,-0.45,1000,Perovskite,Ceramic,bulk,,,,IEDP/SIMS,1.20E-15,3.50E-09,3.10E+00,1.69,Berenov,MacManus-Driscoll,1999,10.1016/S0167-2738(99)00077-6,-2340,-5342.105263,1228,2415.789474,
SmCoO3,51.5,100,,104.6,160,SmCo,,,,0.928737265,1.17,1.88,-0.71,1000,Perovskite,Ceramic,bulk,,,,IEDP/SIMS,2.00E-07,1.50E-05,2.01E+00,1.6,Fullarton,Jacobs,1995,10.1007/BF02426008,-2820,-6300,1460,2900,
Sm(0.8)Sr(0.2)CoO3,48.9,100.6,3,98.4,161.5,SmCo,SrCo,,,0.951091704,1.126,1.88,-0.754,1000,Perovskite,Ceramic,bulk,,,,IEDP/SIMS,6.40E-10,1.20E-06,2.10E+00,2.3,Fullarton,Jacobs,1995,10.1007/BF02426008,-2608,-5770,1456,2890,
Sm(0.6)Sr(0.4)CoO3,46.4,101.2,6,92.1,163,SmCo,SrCo,,,0.973446143,1.082,1.88,-0.798,1000,Perovskite,Ceramic,bulk,,,,IEDP/SIMS,6.90E-08,9.80E-06,1.50E+00,0.89,Fullarton,Jacobs,1995,10.1007/BF02426008,-2396,-5240,1452,2880,
Sm(0.5)Sr(0.5)CoO3,45.2,101.5,7.5,89,163.8,SmCo,SrCo,,,0.984623363,1.06,1.88,-0.82,1000,Perovskite,Ceramic,bulk,,,,IEDP/SIMS,2.90E-07,1.90E-05,1.20E+00,0.88,Fullarton,Jacobs,1995,10.1007/BF02426008,-2290,-4975,1450,2875,
Sm(0.4)Sr(0.6)CoO3,43.9,101.8,6,85.8,164.5,SmCo,SrCo,,,0.995800582,1.038,1.88,-0.842,1000,Perovskite,Ceramic,bulk,,,,IEDP/SIMS,4.00E-13,4.90E-08,1.10E+00,0.61,Fullarton,Jacobs,1995,10.1007/BF02426008,-2184,-4710,1448,2870,
La(0.8)Sr(0.2)MnO(3+x),46.3,103.2,1,91.8,168,LaMn,SrMn,,,0.971569752,1.07,1.55,-0.48,1000,Perovskite,Ceramic,bulk,,,,IEDP/SIMS,1.00E-14,,3.07E+00,,Yasuda,Ogasawara,1996,10.1016/0167-2738(96)00287-1,-2308,-5020,1276,2440,
La(0.95)Sr(0.05)MnO(3+x),47.9,103.1,0.25,95.6,167.6,LaMn,SrMn,,,0.958643556,1.0925,1.55,-0.4575,1000,Perovskite,Ceramic,bulk,,,,IEDP/SIMS,1.00E-15,,2.75E+00,,Yasuda,Ogasawara,1996,10.1016/0167-2738(96)00287-1,-2467,-5417.5,1279,2447.5,
La(0.9)Sr(0.1)MnO(3+x),47.3,103.1,0.5,94.4,167.8,LaMn,SrMn,,,0.962952288,1.085,1.55,-0.465,1000,Perovskite,Ceramic,bulk,,,,IEDP/SIMS,1.00E-15,,2.88E+00,,Yasuda,Ogasawara,1996,10.1016/0167-2738(96)00287-1,-2414,-5285,1278,2445,
La(0.85)Sr(0.15)MnO(3+x),46.8,103.2,0.75,93.1,167.9,LaMn,SrMn,,,0.96726102,1.0775,1.55,-0.4725,1000,Perovskite,Ceramic,bulk,,,,IEDP/SIMS,1.00E-15,,2.62E+00,,Yasuda,Ogasawara,1996,10.1016/0167-2738(96)00287-1,-2361,-5152.5,1277,2442.5,
Nd(1.8)Ca(0.2)NiO(4+x),55.8,106.3,1,108.8,168,NdNi,NdCa,,,,1.126,1.91,-0.784,1000,Ruddlesden-Popper,Ceramic,bulk,,,,IEDP/SIMS,1.30E-08,2.90E-07,7.40E-01,1.32,Boehm,Bassat,2005,10.1016/j.ssi.2005.06.033,-2982.857143,-6293.333333,1340,2460,
Nd(2)NiO(4+x),58.8,106.4,,115.7,168.3,NdNi,,,,0.943987553,1.14,1.91,-0.77,1000,Ruddlesden-Popper,Ceramic,bulk,,,,IEDP/SIMS,6.20E-08,4.50E-07,1.07E+00,0.77,Boehm,Bassat,2005,10.1016/j.ssi.2005.06.033,-3142.857143,-6666.666667,1385.714286,2566.666667,
Nd(1.95)NiO(4+x),58.1,105.9,,115.2,168.1,NdNi,,,,0.943987553,1.14,1.91,-0.77,1000,Ruddlesden-Popper,Ceramic,bulk,,,,IEDP/SIMS,6.70E-08,1.30E-06,9.40E-01,0.84,Boehm,Bassat,2005,10.1016/j.ssi.2005.06.033,-3078.571429,-6618.644068,1367.142857,2557.627119,
Pr(2)NiO(4+x),57.8,106.4,,113.5,168.3,PrNi,,,,0.844992604,1.13,1.91,-0.78,1000,Ruddlesden-Popper,Ceramic,bulk,,,,IEDP/SIMS,9.20E-08,1.80E-06,7.00E-01,0.72,Boehm,Bassat,2005,10.1016/j.ssi.2005.06.033,-3142.857143,-6666.666667,1385.714286,2566.666667,
La(2)CoO(4+x),57.2,109.3,,112.3,175,LaCo,,,,0.970952595,1.1,1.88,-0.78,937.21,Ruddlesden-Popper,Ceramic,bulk,,,,IEDP/SIMS,3.30E-08,,1.10E-01,,Munnings,Skinner,2006,10.1016/j.ssi.2005.06.002,-3442.857143,-7366.666667,1557.142857,2966.666667,
La(2)Ni(0.2)Co(0.8)O(4+x),57.2,109.3,0,112.2,175,LaCo,NiCo,,,,1.1,1.886,-0.786,769.23,Ruddlesden-Popper,Ceramic,bulk,,,,IEDP/SIMS,2.10E-08,,4.90E-01,,Munnings,Skinner,2006,10.1016/j.ssi.2005.06.002,-3382.857143,-7226.666667,1522.857143,2886.666667,
La(2)Ni(0.5)Co(0.5)O(4+x),57.2,109.3,0,112.2,175,LaCo,NiCo,,,,1.1,1.895,-0.795,793.65,Ruddlesden-Popper,Ceramic,bulk,,,,IEDP/SIMS,9.90E-09,,1.15E+00,,Munnings,Skinner,2006,10.1016/j.ssi.2005.06.002,-3292.857143,-7016.666667,1471.428571,2766.666667,
La(2)Ni(0.7)Co(0.3)O(4+x),57.2,109.3,0,112.2,175,LaCo,NiCo,,,,1.1,1.901,-0.801,769.23,Ruddlesden-Popper,Ceramic,bulk,,,,IEDP/SIMS,1.90E-09,,9.30E-01,,Munnings,Skinner,2006,10.1016/j.ssi.2005.06.002,-3232.857143,-6876.666667,1437.142857,2686.666667,
PrBaCo(2)O(5.74),50.1,104.1,,99,167.5,,,,,,,,,623.15,Double Perovskite,Ceramic,bulk,,,,IEDP/SIMS,1.57E-10,4.89E-08,1.27E+00,0.58,Frison,Portier,2012,10.1016/j.nimb.2011.07.060,-2214.579055,-4675,1403.49076,2700,
( La(0.6)Sr(0.4)Co(0.2)Fe(0.8)O(3-x) )_0.4 ( Ce(0.8)Ge(0.2)O(2-x) )_0.189,46.4,102,,94.9,169,,,,,,,,,1000,Perovskite/Electrolyte,Ceramic,bulk,,,,IEDP/SIMS,1.00E-08,1.70E-06,1.56E+00,1.39,Esquirol,Kilner,2004,10.1016/j.ssi.2004.09.013,-2490.744059,-5667.077856,1253.424231,2455.551062,
PrBaCo(2)O(5+x),52.9,107.8,,99,167.5,,,,,,,,,773.99,Double Perovskite,Ceramic,bulk,,,,ECR,4.20E-07,9.10E-05,0.54,0.74,Kim,Wang,2007,10.1039/b618345j,-2355.555556,-4675,1477.777778,2700,
La(0.8)Sr(0.2)MnO(3+x),46.3,103.2,1,91.8,168,LaMn,SrMn,,,0.971569752,1.07,1.55,-0.48,973.71,Perovskite,Ceramic,bulk,,,,IEDP/SIMS,1.40E-16,2.00E-10,3.2,2.13,Fearn,Rossiny,2012,10.1016/j.ssi.2012.01.029,-2308,-5020,1276,2440,
La(0.8)Sr(0.2)MnO(3+x),46.3,103.2,1,91.8,168,LaMn,SrMn,,,0.971569752,1.07,1.55,-0.48,971.82,Perovskite,Ceramic,bulk,,,,IEDP/SIMS,3.10E-16,9.20E-10,2.80E+00,1.33,DeSouza,Kilner,2000,10.1016/S0167-577X(99)00228-1,-2308,-5020,1276,2440,
Ba(0.5)Sr(0.5)Co(0.8)Fe(0.2)O(3-x),43.8,104.7,8.5,85.4,171.8,BaCo,BaFe,SrCo,SrFe,1.065712846,0.92,1.87,-0.95,873.36,Perovskite,Ceramic,bulk,,,,ECR,1.90E-08,4.80E-06,8.20E-01,0.6,Bucher,Egger,2008,10.1016/j.ssi.2008.01.089,-1612,-3280,1318,2545,
Ba(0.5)Sr(0.5)Co(0.8)Fe(0.2)O(3-x),43.8,104.7,8.5,85.4,171.8,BaCo,BaFe,SrCo,SrFe,1.065712846,0.92,1.87,-0.95,872.6,Perovskite,Ceramic,bulk,,,,ECR,9.80E-09,7.10E-07,1.01E+00,1.98,Girdauskaite,Ullman,2008,10.1016/j.ssi.2008.02.042,-1612,-3280,1318,2545,
Ba(0.5)Sr(0.5)Co(0.8)Fe(0.2)O(3-x),43.8,104.7,8.5,85.4,171.8,BaCo,BaFe,SrCo,SrFe,1.065712846,0.92,1.87,-0.95,691.09,Perovskite,Thin Film,bulk,,,,IEDP/SIMS,4.30E-08,1.40E-08,5.00E-01,1.64,Wang,Merkle,2009,10.1063/1.3085969,-1612,-3280,1318,2545,
La(2)Cu(0.5)Ni(0.5)O(4+x),57.6,109.3,0,113,175,LaCu,LaNi,,,0.990897163,1.1,1.905,-0.805,993.04,Ruddlesden-Popper,Ceramic,bulk,,,,IEDP/SIMS,2.80E-08,,6.50E-01,,Mauvy,Bassat,2003,10.1016/S0167-2738(02)00903-7,-3185.714286,-6766.666667,1385.714286,2566.666667,
La(2)NiO(4+x),57.2,109,,112.2,175,LaNi,,,,0.975807358,1.1,1.91,-0.81,695.89,Ruddlesden-Popper,Ceramic,bulk,porous pellets,,,IEDP/SIMS,1.60E-09,3.50E-09,5.40E-01,0.63,Sayers,De Souza,2010,10.1016/j.ssi.2010.01.016,-3142.857143,-6666.666667,1385.714286,2566.666667,
La(2)NiO(4+x),57.2,109,,112.2,175,LaNi,,,,0.975807358,1.1,1.91,-0.81,1000,Ruddlesden-Popper,Ceramic,bulk,,,,IEDP/SIMS,9.60E-08,2.40E-06,0.9,0.42,Bassat,Odier,2004,10.1016/j.ssi.2003.12.012,-3142.857143,-6666.666667,1385.714286,2566.666667,
La(2)NiO(4+x),57.2,109,,112.2,175,LaNi,,,,0.975807358,1.1,1.91,-0.81,1000,Ruddlesden-Popper,Single Crystal,directional,,longitudinal,,IEDP/SIMS,6.40E-08,2.20E-06,8.80E-01,0.74,Bassat,Odier,2005,10.1016/j.ssi.2003.12.013,-3142.857143,-6666.666667,1385.714286,2566.666667,
La(2)NiO(4+x),57.2,109,,112.2,175,LaNi,,,,0.975807358,1.1,1.91,-0.81,1000,Ruddlesden-Popper,Single Crystal,directional,,transverse,,IEDP/SIMS,4.00E-09,4.90E-07,2.20E-01,0.86,Bassat,Odier,2006,10.1016/j.ssi.2003.12.014,-3142.857143,-6666.666667,1385.714286,2566.666667,
PrBaCo(2)O(5+x),52.9,107.8,,99,167.5,,,,,,,,0,600,Double Perovskite,Ceramic,bulk,,,,IEDP/SIMS,1.30E-11,1.30E-09,1.02E+00,0.89,Burriel,Pena-Martinez,2012,10.1021/cm203502s,-2355.555556,-4675,1477.777778,2700,
La(1.85)Sr(0.15)CuO(4+x),56.8,109.4,0.375,111.2,175.3,LaCu,SrCu,,,,1.08875,1.9,-0.81125,1000,Ruddlesden-Popper,Ceramic,directional,,longitudinal,,EBSP,3.60E-12,4.60E-08,7.60E-01,1.6,Claus,Borchardt,1996,10.1016/0921-5107(95)01446-2,-3115,-6601.666667,1383.571429,2561.666667,
La(1.85)Sr(0.15)CuO(4+x),56.8,109.4,0.375,111.2,175.3,LaCu,SrCu,,,,1.08875,1.9,-0.81125,1000,Ruddlesden-Popper,Ceramic,directional,,transverse,,EBSP,4.30E-14,4.60E-08,1.02E+00,1.6,Claus,Borchardt,1996,10.1016/0921-5107(95)01446-2,-3115,-6601.666667,1383.571429,2561.666667,
La(2)CuO(4+x),57.9,109,,113.8,175,LaCu,,,,1.005986967,1.1,1.9,-0.8,1000,Ruddlesden-Popper,Ceramic,directional,,longitudinal,,EBSP,3.70E-08,2.00E-07,8.40E-01,1.3,Claus,Borchardt,1996,10.1016/0921-5107(95)01446-2,-3228.571429,-6866.666667,1385.714286,2566.666667,
La(2)CuO(4+x),57.9,109,,113.8,175,LaCu,,,,1.005986967,1.1,1.9,-0.8,1000,Ruddlesden-Popper,Ceramic,directional,,transverse,,EBSP,6.70E-10,2.00E-07,9.70E-01,1.3,Claus,Borchardt,1996,10.1016/0921-5107(95)01446-2,-3228.571429,-6866.666667,1385.714286,2566.666667,
La(0.8)Sr(0.2)CoO(3-x),47.1,102.2,1,93.8,165.5,LaCo,SrCo,,,0.984863968,1.07,1.88,-0.81,600,Perovskite,Thin Film,bulk,,,STO,IEDP/SIMS,4.80E-15,1.70E-10,8.10E-01,0.74,Kubicek,Cai,2013,10.1021/nn305987x,-2608,-5770,1456,2890,
La(0.8)Sr(0.2)CoO(3-x),47.1,102.2,1,93.8,165.5,LaCo,SrCo,,,0.984863968,1.07,1.88,-0.81,600,Perovskite,Thin Film,bulk,,,LAO,IEDP/SIMS,4.70E-16,4.50E-11,6.50E-01,0.78,Kubicek,Cai,2013,10.1021/nn305987x,-2608,-5770,1456,2890,
La(0.8)Sr(0.2)Fe(0.8)Cr(0.2)O(3-x),46.3,103.2,1,91.9,168,LaFe,LaCr,SrFe,SrCr,0.971989629,1.07,1.796,-0.726,1000,Perovskite,Ceramic,bulk,,,,IEDP/SIMS,2.40E-11,2.70E-08,1.21E+00,1.65,Ramos,Atkinson,2004,10.1016/j.ssi.2004.03.001,-2496,-5490,1304,2510,
La(0.6)Sr(0.4)Fe(0.8)Cr(0.2)O(3-x),44.3,103.4,2,86.7,168.5,LaFe,LaCr,SrFe,SrCr,0.986802742,1.04,1.796,-0.756,1000,Perovskite,Ceramic,bulk,,,,IEDP/SIMS,2.00E-09,5.30E-08,1.53E+00,1.72,Ramos,Atkinson,2004,10.1016/j.ssi.2004.03.001,-2284,-4960,1300,2500,
La(0.4)Sr(0.6)Fe(0.8)Cr(0.2)O(3-x),42.2,103.6,2,81.6,169,LaFe,LaCr,SrFe,SrCr,1.001615855,1.01,1.796,-0.786,1000,Perovskite,Ceramic,bulk,,,,IEDP/SIMS,1.30E-08,1.90E-07,1.21E+00,0.29,Ramos,Atkinson,2004,10.1016/j.ssi.2004.03.001,-2072,-4430,1296,2490,
La(0.9)Sr(0.1)CoO(3-x),48.1,102.1,0.5,96.4,165.3,LaCo,SrCo,,,0.977908282,1.085,1.88,-0.795,773.99,Perovskite,Ceramic,bulk,,,,IEDP/SIMS,1.30E-14,2.80E-06,2.41E+00,1.91,Routbort,Doshi,1996,10.1016/S0167-2738(96)00402-X,-2714,-6035,1458,2895,
GdBaCo(2)O(5+x),54.7,107.2,,103.1,166.3,,,,,,,,,610.13,Double Perovskite,Thin Film,directional,,longitudinal,STO,IEDP/SIMS,2.80E-11,1.40E-08,6.90E-01,0.72,Zapata,Burriel,2013,10.1039/c3ta10749c,-2355.555556,-4675,1477.777778,2700,
GdBaCo(2)O(5+x),54.7,107.2,,103.1,166.3,,,,,,,,,610.13,Double Perovskite,Thin Film,directional,,longitudinal,NGO,IEDP/SIMS,4.10E-12,1.40E-08,8.90E-01,0.72,Zapata,Burriel,2013,10.1039/c3ta10749c,-2355.555556,-4675,1477.777778,2700,
GdBaCo(2)O(5+x),54.7,107.2,,103.1,166.3,,,,,,,,,657.46,Double Perovskite,Thin Film,directional,,transverse,STO,IEDP/SIMS,,2.00E-08,,0.59,Zapata,Burriel,2013,10.1039/c3ta10749c,-2355.555556,-4675,1477.777778,2700,
GdBaCo(2)O(5+x),54.7,107.2,,103.1,166.3,,,,,,,,,657.46,Double Perovskite,Thin Film,directional,,transverse,NGO,IEDP/SIMS,,1.90E-08,,0.46,Zapata,Burriel,2013,10.1039/c3ta10749c,-2355.555556,-4675,1477.777778,2700,
Ba(0.5)Sr(0.5)Co(0.8)Fe(0.2)O(3-x),43.8,104.7,8.5,93.4,171.8,BaCo,BaFe,SrCo,SrFe,1.065712846,0.92,1.87,-0.95,600,Perovskite,Thin Film,bulk,,,,ECR,,1.00E-07,,0.96,Burriel,Niedrig,2010,10.1016/j.ssi.2010.03.005,-1612,-3280,1318,2545,
La(0.5)Sr(0.5)CoO(3-x),44,102.5,2.5,86.1,166.3,LaCo,SrCo,,,1.005731028,1.025,1.88,-0.855,765.11,Perovskite,Thin Film,bulk,,,,ECR,,1.40E-08,,1.52,Chen,Wang,2002,10.1016/S0167-2738(01)01031-1,-2290,-4975,1450,2875,
GdBaCo(2)O(6-x),50.8,102.5,,103.1,166.3,,,,,,,,,1000,Double Perovskite,Ceramic,bulk,,,,IEDP/SIMS,1.30E-08,,9.00E-01,,Tsvetkov,Ananjev,2014,10.1039/c4dt01486c,-2170,-4675,1380,2700,
Sr(0.5)Sm(0.5)CoO(3-x),45.2,101.5,7.5,89,163.8,SrCo,SmCo,,,0.984623363,1.06,1.88,-0.82,389,Perovskite,Ceramic,bulk,,,,IEDP/SIMS,1.40E-16,1.60E-11,1.20E+00,0.85,Yeh,Routbort,2013,10.1016/j.ssi.2012.11.024,-2290,-4975,1450,2875,
Sr(0.5)Sm(0.5)CoO(3-x),45.2,101.5,7.5,89,163.8,SrCo,SmCo,,,0.984623363,1.06,1.88,-0.82,747.94,Perovskite,Ceramic,bulk,,,,ECR,3.00E-09,1.40E-07,1.26E+00,0.68,Yeh,Routbort,2013,10.1016/j.ssi.2012.11.024,-2290,-4975,1450,2875,
Sr(0.7)Ce(0.3)MnO(3-x),41.3,103.1,4.5,79.2,167.8,SrMn,CeMn,,,1.012582429,1.001,1.55,-0.549,972.76,Perovskite,Ceramic,bulk,,,,IEDP/SIMS,1.70E-13,9.10E-09,3.39E+00,1.84,Kuritsyna,Sinitsyn,2014,10.1016/j.ssi.2013.11.013,-1778,-3695,1266,2415,
BaTiO3,46.64,107,,92.6,177.5,BaTi,,,,,0.89,1.62,-0.73,1023.33,Perovskite,Ceramic,bulk,nanocrystals,,,IEDP/SIMS,2.10E-14,8.30E-09,1.42E+00,1.5,De Souza,Voisin,2014,10.1039/c3cp53979b,-1120,-2050,1080,1950,
Pr(1.6)Sr(0.4)CuO(3.98),55.5,107.4,3,108,170.3,PrCu,SrCu,,,,1.094,1.9,-0.806,972.76,Ruddlesden-Popper,Ceramic,bulk,,,,IEDP/SIMS,7.60E-08,7.90E-10,3.00E+00,0.881,Mazo,Kazakov,2014,10.1016/j.ssi.2014.01.039,-2932.664756,-6160,1382.52149,2553.333333,
Pr(2)NiO(4+x),57.8,106.4,,113.5,168.3,PrNi,,,,0.844992604,1.13,1.91,-0.78,788.02,Ruddlesden-Popper,Single Crystal,directional,,longitudinal,,IEDP/SIMS,2.50E-08,3.50E-08,6.70E-01,1.17,Bassat,Burriel,2013,10.1021/jp409057k,-3142.857143,-6666.666667,1385.714286,2566.666667,
Pr(2)NiO(4+x),57.8,106.4,,113.5,168.3,PrNi,,,,0.844992604,1.13,1.91,-0.78,788.02,Ruddlesden-Popper,Single Crystal,directional,,transverse,,IEDP/SIMS,2.20E-11,4.00E-09,1.10E+00,0.81,Bassat,Burriel,2013,10.1021/jp409057k,-3142.857143,-6666.666667,1385.714286,2566.666667,
Nd(2)NiO(4+x),58.7,106.4,,115.7,168.3,NdNi,,,,0.943987553,1.14,1.91,-0.77,777.6,Ruddlesden-Popper,Single Crystal,directional,,longitudinal,,IEDP/SIMS,4.00E-09,4.30E-08,1.40E+00,1.05,Bassat,Burriel,2013,10.1021/jp409057k,-3142.857143,-6666.666667,1385.714286,2566.666667,
Nd(2)NiO(4+x),58.7,106.4,,115.7,168.3,NdNi,,,,0.943987553,1.14,1.91,-0.77,777.6,Ruddlesden-Popper,Single Crystal,directional,,transverse,,IEDP/SIMS,7.10E-12,2.10E-09,1.30E+00,1.75,Bassat,Burriel,2013,10.1021/jp409057k,-3142.857143,-6666.666667,1385.714286,2566.666667,
SrTi(0.65)Fe(0.35)O(3),37.3,104,0,69.1,170,SrTi,SrFe,,,,0.95,1.6935,-0.7435,973.71,Perovskite,Ceramic,bulk,,,,IEDP/SIMS,2.40E-14,1.60E-10,9.20E-01,1.66,Argirusis,Jomard,2011,10.1016/j.ssi.2010.02.016,-1451,-2877.5,1206,2265,
Pr(2)CuO(4),58.5,106.4,,115.1,168.3,PrCu,,,,0.871126395,1.13,1.9,-0.77,972.76,Ruddlesden-Popper,Ceramic,bulk,,,,IEDP/SIMS,5.90E-13,1.50E-08,3.01E+00,2.04,Kaluzhskikh,Kazakov,2011,10.1016/j.jssc.2011.01.035,-3228.571429,-6866.666667,1385.714286,2566.666667,
Sr(0.75)Y(0.25)CoO(2.62),40.86,105.5,5,73.4,165,SrCo,Yco,,,,1.0175,1.88,-0.8625,777.4,Perovskite,Ceramic,bulk,,,,IEDP/SIMS,1.10E-11,1.20E-08,1.55E+00,1.69,Rupasov,Berenov,2011,10.1016/j.ssi.2011.06.016,-2166.666667,-4350,1495.670996,2800,
PrBaCo(2)O(5+x),52.9,107.8,,99,167.5,,,,,,,,0,972.21,Double Perovskite,Ceramic,bulk,,,,ECR,5.00E-08,1.70E-06,5.80E-01,0.46,Grimaud,Bassat,2014,10.1039/c3ta13956e,-2355.555556,-4675,1477.777778,2700,
PrBaCo(1.5)Fe(0.5)O(5+x),52.7,108.1,1.25,98.6,168.1,,,,,,,,0,874.13,Double Perovskite,Ceramic,bulk,,,,ECR,2.10E-08,6.80E-07,3.40E-01,0.48,Grimaud,Bassat,2014,10.1039/c3ta13956e,-2316.666667,-4587.5,1405.555556,2537.5,
La(0.6)Sr(0.4)CoO(3),45.1,102.4,2,88.7,166,LaCo,SrCo,,,0.998775341,1.04,1.88,-0.84,790.26,Ruddlesden-Popper,Ceramic,bulk,,,,IEDP/SIMS,2.10E-12,7.90E-08,1.84E+00,0.76,Berenov,Atkinson,2010,10.1016/j.ssi.2010.04.031,-2396,-5240,1452,2880,
La(.9)Sr(.1)Ga(.8)Mg(.2)O(3),48.5,101.9,4.5,97.2,164.8,LaGa,LaMg,SrGa,SrMg,,1.085,1.71,-0.625,927.4,Perovskite,Ceramic,bulk,,,,IEDP/SIMS,9.80E-07,2.00E-07,8.00E-01,1.2,Tatsumi,Kilner,1998,10.1016/S0167-2738(98)00390-7,-3186,-7215,1242,2355,
La(.8)Sr(.2)Ga(.8)Mg(.2)O(3),47.5,102,5,94.6,165,LaGa,LaMg,SrGa,SrMg,,1.07,1.71,-0.64,1070,Perovskite,Ceramic,bulk,,,,IEDP/SIMS,5.00E-06,3.00E-06,1.10E+00,1.1,Tatsumi,Kilner,1998,10.1016/S0167-2738(98)00390-7,-3080,-6950,1240,2350,
Pr(1.9)Ni(0.75)Cu(0.25)O(4+x),56.8,105.3,0,113,167.8,PrNi,PrCu,,,0.851526051,1.13,1.9075,-0.7775,831.32,Ruddlesden-Popper,Ceramic,bulk,,,,IEDP/SIMS,3.30E-08,1.10E-07,6.40E-01,0.76,Hyodo,Tominaga,2014,10.1016/j.ssi.2013.12.036,-3035.714286,-6620.689655,1348.571429,2548.275862,
Pr(1.9)Ni(0.7125)Cu(0.2375)Ga(0.05)O(4+x),56.8,105.3,,113,167.8,PrNi,PrCu,PrGa,,0.850781066,1.13,1.902625,-0.772625,679.67,Ruddlesden-Popper,Ceramic,bulk,,,,IEDP/SIMS,6.70E-09,4.90E-08,0.57,0.62,Hyodo,Tominaga,2014,10.1016/j.ssi.2013.12.036,-3066.785714,-6695.689655,1351.428571,2555.172414,
La(1.9)Sr(0.1)NiO(4+x),56.5,109.4,0.25,110.5,175.2,LaNi,SrNi,,,0.980426119,1.0925,1.91,-0.8175,869.57,Ruddlesden-Popper,Ceramic,bulk,,,,GPA,,6.67E-09,,1.39,Li,Haugsrud,2011,10.1016/j.ssi.2010.10.009,-3067.142857,-6490,1384.285714,2563.333333,
La(1.8)Sr(0.2)NiO(4+x),55.8,109.4,0.5,108.8,175.3,LaNi,SrNi,,,0.985044881,1.085,1.91,-0.825,869.57,Ruddlesden-Popper,Ceramic,bulk,,,,GPA,,4.20E-09,,0.99,Li,Haugsrud,2011,10.1016/j.ssi.2010.10.009,-2991.428571,-6313.333333,1382.857143,2560,
La(1.9)Sr(0.1)NiO(4+x),56.5,109.4,0.25,110.5,175.2,LaNi,SrNi,,,0.980426119,1.0925,1.91,-0.8175,1148.5,Ruddlesden-Popper,Ceramic,bulk,,,,GPA,4.30E-08,,6.20E-01,,Li,Haugsrud,2011,10.1016/j.ssi.2010.10.009,-3067.142857,-6490,1384.285714,2563.333333,
La(1.8)Sr(0.2)NiO(4+x),55.8,109.4,0.5,108.8,175.3,LaNi,SrNi,,,0.985044881,1.085,1.91,-0.825,1203.95,Ruddlesden-Popper,Ceramic,bulk,,,,GPA,3.30E-09,,1.28E+00,,Li,Haugsrud,2011,10.1016/j.ssi.2010.10.009,-2991.428571,-6313.333333,1382.857143,2560,
La(2)NiO(4+x),57.2,109,,112.2,175,LaNi,,,,0.975807358,1.1,1.91,-0.81,912.41,Ruddlesden-Popper,Ceramic,bulk,,,,ECR,2.20E-08,2.50E-06,8.70E-01,1.55,Li,Haugsrud,2012,10.1016/j.ssi.2011.11.011,-3142.857143,-6666.666667,1385.714286,2566.666667,
La(2)NiO(4+x),57.2,109,,112.2,175,LaNi,,,,0.975807358,1.1,1.91,-0.81,1000,Ruddlesden-Popper,Ceramic,bulk,silver layer added,,,ECR,2.10E-07,1.30E-06,5.70E-01,1.38,Egger,Sitte,2014,10.1016/j.ssi.2014.01.038,-3142.857143,-6666.666667,1385.714286,2566.666667,
Ba(0.5)Sr(0.5)Co(0.8)Fe(0.2)O(3-x),43.8,104.7,8.5,85.4,171.8,BaCo,BaFe,SrCo,SrFe,1.065712846,,1.87,-1.87,873.15,Perovskite,Ceramic,bulk,,,,ECR,1.40E-07,,1.13E+00,,Chen,Shao,2011,10.1016/j.ijhydene.2011.02.087,-1612,-3280,1318,2545,
La(0.7125)Sr(0.2375)Cr(0.5)Mn(0.5)O(3-x),44.7,102.3,1.1875,88.8,167.4,LaCr,LaMn,SrCr,SrMn,0.989829662,,1.605,-1.605,1173.15,Perovskite,Ceramic,bulk,,,,IEDP/SIMS,1.00E-10,9.70E-09,8.00E-01,2.4,Raj,Kilner,2006,10.1016/j.ssi.2006.04.011,-2365.561224,-5187.820513,1499.234694,3010.897436,
La(1.05)Sr(0.95)Ga(3)O(7+x),45.9,100.4,,87.7,157,LaGa,SrGa,,,,,,0,973.15,Melilite,Ceramic,bulk,,,,IEDP/SIMS,2.56E-10,9.71E-10,8.80E-01,2.28,Raj,Skinner,2005,10.1016/j.ssi.2004.12.009,-2830.416667,-6093,1275.416667,2361,
Ce(0.69)Gd(0.31)O(2-x),59.1,101.1,,145.4,183.5,CeGd,,,,0.571794731,,,0,1000,Electrolyte,Single Crystal,bulk,,,,IEDP/SIMS,5.10E-08,1.30E-08,1.16E+00,0.62,Ruiz-Trejo,Sirman,1998,10.1016/S0167-2738(98)00323-3,-3500,-9500,1366.666667,3100,
((ZrO2)_.92 (Y2O3)_.08 )_.533 (La_.8 Sr_.2 Mn O3)_.129,42.9,96.4,,91.2,161.6,,,,,,,,0,1090.38,Perovskite/Electrolyte,Ceramic,bulk,,,,IEDP/SIMS,5.50E-09,6.60E-08,1.34E+00,1.99E+00,Ji,Kilner,2005,10.1016/j.ssi.2004.11.019,-1951.65373,-4556.076964,1233.85939,2550.482223,
((ZrO2)_.92 (Y2O3)_.08 )_.457 (La_.8 Sr_.2 Mn O3)_.173,43.4,97.3,,91.3,162.5,,,,,,,,0,1072.04,Perovskite/Electrolyte,Ceramic,bulk,,,,IEDP/SIMS,2.20E-09,3.10E-08,1.33E+00,1.76E+00,Ji,Kilner,2005,10.1016/j.ssi.2004.11.019,-1999.797325,-4625.03216,1239.55273,2534.060698,
(ZrO2)_0.92 (Y2O3)_0.08,41.6,93.7,,90.9,158.7,,,,,,,,0,1072.38,Electrolyte,Ceramic,bulk,,,,IEDP/SIMS,1.10E-07,8.90E-09,5.30E-01,1.32E+00,Ji,Kilner,2005,10.1016/j.ssi.2004.11.019,-1815.189873,-3557.575758,1217.721519,2127.272727,
La(0.8)Sr(0.2)MnO(3+x),46.3,103.2,1,91.8,168,LaMn,SrMn,,,0.971569752,1.07,1.55,-0.48,1071.81,Perovskite,Ceramic,bulk,,,,IEDP/SIMS,5.40E-15,2.40E-09,2.77E+00,1.56,Ji,Kilner,2005,10.1016/j.ssi.2004.11.019,-2308,-5020,1276,2440,
(ZrO2)_0.905 (Y2O3)_0.095,41.7,94.1,,90.8,159.3,,,,,,,,0,1000,Electrolyte,Ceramic,bulk,,,,IEDP/SIMS,5.30E-08,3.10E-09,1.22E+00,0.77,Sirman,Manning,1996,10.1016/S0167-2738(96)00514-0,-1876.645768,-3578.985507,1220.846395,2063.043478,
Ce(0.9)Gd(0.1)O(2-x),57.9,101.5,,141.8,184.5,CeGd,,,,0.828688016,,,0,1000,Electrolyte,Ceramic,bulk,,,,IEDP/SIMS,1.80E-09,2.40E-08,9.00E-01,0.5,Sirman,Manning,1996,10.1016/S0167-2738(96)00514-0,-3500,-9500,1366.666667,3100,
(ZrO2)_0.9 (Y2O3)_0.1,41.7,94.2,,90.8,159.5,,,,,,,,0,1000,Electrolyte,Ceramic,bulk,,,,IEDP/SIMS,3.10E-08,,1.01E+00,,Weller,Herzog,2004,10.1016/j.ssi.2003.12.044,-1896.875,-3585.714286,1221.875,2042.857143,
(ZrO2)_0.82 (Y2O3)_0.18,42.2,96,,90.5,162.6,,,,,,,,0,1000,Electrolyte,Ceramic,bulk,,,,IEDP/SIMS,2.80E-09,,1.02E+00,,Weller,Herzog,2004,10.1016/j.ssi.2003.12.044,-2204.166667,-3672.093023,1237.5,1783.72093,
(ZrO2)_0.9 (Y2O3)_0.1,41.7,94.2,,90.8,159.5,,,,,,,,0,1000,Electrolyte,Ceramic,bulk,,,,IEDP/SIMS,3.10E-08,,9.90E-01,,Kilo,Argirusis,2003,10.1039/b300151m,-1896.875,-3585.714286,1221.875,2042.857143,
(ZrO2)_0.82 (Y2O3)_0.18,42.2,96,,90.5,162.6,,,,,,,,0,1000,Electrolyte,Ceramic,bulk,,,,IEDP/SIMS,2.60E-09,,1.02E+00,,Kilo,Argirusis,2003,10.1039/b300151m,-2204.166667,-3672.093023,1237.5,1783.72093,
UO_2.002,90,98.3,,238,175,,,,,,,,0,1000,Other,Ceramic,bulk,,,,IEDP/MS,5.30E-13,,2.86E+00,,Auskern,Belle,1961,10.1016/0022-3115(61)90194-5,,,,,
UO_2.063,88.5,97.5,,238,175,,,,,,,,0,700,Other,Ceramic,bulk,,,,IEDP/MS,1.30E-12,,1.37E+00,,Auskern,Belle,1961,10.1016/0022-3115(61)90194-5,,,,,
La(2)NiO(4+x),57.2,109,,112.2,175,,,,,0.975807358,1.1,1.91,-0.81,666.67,Ruddlesden-Popper,Thin Film,directional,,longitudinal,STO,IEDP/SIMS,6.80E-10,5.90E-08,1.90E-01,0.77,Burriel,Garcia,2008,10.1039/b711341b,-3142.857143,-6666.666667,1385.714286,,
La(2)NiO(4+x),57.2,109,,112.2,175,,,,,0.975807358,1.1,1.91,-0.81,666.67,Ruddlesden-Popper,Thin Film,directional,,transverse,STO,IEDP/SIMS,,1.10E-09,,0.38,Burriel,Garcia,2008,10.1039/b711341b,-3142.857143,-6666.666667,1385.714286,,
La(2)NiO(4+x),57.2,109,,112.2,175,,,,,0.975807358,1.1,1.91,-0.81,666.67,Ruddlesden-Popper,Thin Film,directional,,longitudinal,NGO,IEDP/SIMS,6.80E-10,5.90E-08,1.90E-01,0.77,Burriel,Garcia,2008,10.1039/b711341b,-3142.857143,-6666.666667,1385.714286,,
La(2)NiO(4+x),57.2,109,,112.2,175,,,,,0.975807358,1.1,1.91,-0.81,666.67,Ruddlesden-Popper,Thin Film,directional,,transverse,NGO,IEDP/SIMS,,1.10E-09,,0.38,Burriel,Garcia,2008,10.1039/b711341b,-3142.857143,-6666.666667,1385.714286,,
Ca(2)MgSi(2)O(7),27.4,120.9,,32.1,146,,,,,,,,0,1258.34,Melilite,Single Crystal,directional,,longitudinal,,IEDP/SIMS,2.60E-18,,3.11E+00,,Yurimoto,Morioka,1989,10.1016/0016-7037(89)90360-8,,,,,
Ca(2)MgSi(2)O(7),27.4,120.9,,32.1,146,,,,,,,,0,1258.34,Melilite,Single Crystal,directional,,transverse,,IEDP/SIMS,1.10E-18,,2.23E+00,,Yurimoto,Morioka,1989,10.1016/0016-7037(89)90360-8,,,,,
La(0.2175)Pr(0.2175)Ba(0.145)Sr(0.4)Fe(0.8)Co(0.2)O(3-x),44.2,103,,87,168.1,,,,,,0.994075,1.84,-0.845925,919,Perovskite,Ceramic,bulk,,,,IEDP/SIMS,2.82E-08,2.56E-08,1.41E+00,2.3,Vert,Serra,2012,10.1016/j.jpowsour.2012.04.041,,,,,
La(0.5)Sr(0.5)Mn(0.5)Ti(0.5)O(3-x),42.5,103.5,2.5,82.3,168.75,,,,,,1.025,1.585,-0.56,1092.54,Perovskite,Ceramic,bulk,,,,IEDP/SIMS,4.20E-15,1.60E-10,2.43E+00,2.6,Kolotygin,Tsipis,2012,10.1007/s10008-012-1703-x,,,,,
La(0.8)Sr(0.2)MnO(3+x),46.3,103.2,1,91.8,168,,,,,0.9715697517,1.07,1.55,-0.48,1000,Perovskite,Ceramic,bulk,,,,IEDP/SIMS,7.90E-16,4.60E-11,3.24E+00,3.1,Kolotygin,Tsipis,2012,10.1007/s10008-012-1703-x,,,,,
La(0.8)Sr(0.2)MnO(3+x),46.3,103.2,1,91.8,168,,,,,0.9715697517,1.07,1.55,-0.48,1000,Perovskite,Ceramic,bulk,,,,IEDP/SIMS,7.10E-16,2.20E-09,2.80E+00,1.2,Petitjean,Caboche,2005,10.1016/j.jeurceramsoc.2005.03.117,,,,,
La(0.8)Sr(0.2)Mn(0.8)Fe(0.2)O(3+x),46.4,103.2,1,91.9,168,,,,,0.970416542,1.07,1.606,-0.536,1000,Perovskite,Ceramic,bulk,,,,IEDP/SIMS,1.40E-15,3.80E-10,2.34E+00,1.24,Petitjean,Caboche,2005,10.1016/j.jeurceramsoc.2005.03.117,,,,,
La(0.8)Sr(0.2)Mn(0.5)Fe(0.5)O(3+x),46.4,103.2,1,92,168,,,,,0.968686728,1.07,1.69,-0.62,1000,Perovskite,Ceramic,bulk,,,,IEDP/SIMS,3.00E-16,2.30E-10,2.23E+00,1.56,Petitjean,Caboche,2005,10.1016/j.jeurceramsoc.2005.03.117,,,,,
La(0.8)Sr(0.2)Mn(0.2)Fe(0.8)O(3+x),46.5,103.2,1,92.2,168,,,,,0.966956914,1.07,1.774,-0.704,1000,Perovskite,Ceramic,bulk,,,,IEDP/SIMS,5.70E-14,1.90E-09,2.12E+00,1.76,Petitjean,Caboche,2005,10.1016/j.jeurceramsoc.2005.03.117,,,,,
La(0.8)Sr(0.2)FeO(3+x),46.5,103.2,1,92.2,168,,,,,0.965803704,1.07,1.83,-0.76,1000,Perovskite,Ceramic,bulk,,,,IEDP/SIMS,5.50E-12,9.40E-08,1.38E+00,0.96,Petitjean,Caboche,2005,10.1016/j.jeurceramsoc.2005.03.117,,,,,
(ZrO2)_0.905 (Y2O3)_0.095,41.7,94.1,,90.8,159.3,,,,,,,,0,774,Electrolyte,Single Crystal,bulk,rough surface,,,IEDP/SIMS,7.90E-10,2.00E-08,9.40E-01,1.1,Pietrowski,De Souza,2013,10.1002/fuce.201300087,,,,,
(ZrO2)_0.905 (Y2O3)_0.095,41.7,94.1,,90.8,159.3,,,,,,,,0,774,Electrolyte,Single Crystal,bulk,smooth surface,,,IEDP/SIMS,3.40E-11,6.40E-09,9.40E-01,1.1,Pietrowski,De Souza,2013,10.1002/fuce.201300087,,,,,
(ZrO2)_0.905 (Y2O3)_0.095,41.7,94.1,,90.8,159.3,,,,,,,,0,666.67,Electrolyte,Single Crystal,bulk,,,,IEDP/SIMS,1.50E-14,3.40E-11,1.11E+00,1.13,Riemann,Planck,2014,10.1073/pnas.0730783100,,,,,
Sr(3)YCo(4)O(10.5),40.86,105.5,,73.4,165,,,,,,,,0,1000,Perovskite - is it a perovskite?,Ceramic,bulk,,,,ECR,8.00E-09,2.00E-06,1.56E+00,1.14,Rupasov,Makarenko,2014,10.1016/j.ssi.2014.07.010,,,,,
La(9.33)Si(6)O(26) LSO,45.49,97.73,,95.53,161.73,,,,,,,,0,600,Electrolyte,Ceramic,bulk,,,,IEDP/SIMS,7.80E-11,2.78E-09,6.70E-01,1.53,Argirusis,Jothinathan,2014,10.1016/j.ssi.2014.01.035,,,,,
La(9.33)Mg(0.9)Si(5.1)O(26) LMSO,45.67,98.43,,98.05,166.28,,,,,,,,0,600,Electrolyte,Ceramic,bulk,,,,IEDP/SIMS,2.80E-09,3.53E-08,6.70E-01,1.33,Argirusis,Jothinathan,2014,10.1016/j.ssi.2014.01.035,,,,,
La(9.83)Al(1.5)Si(4.5)O(26) LASO,46.58,99.43,,96.8,164.2,,,,,,,,0,600,Electrolyte,Ceramic,bulk,,,,IEDP/SIMS,1.58E-09,2.24E-08,9.00E-01,1.52,Argirusis,Jothinathan,2014,10.1016/j.ssi.2014.01.035,,,,,
La(9.83)Fe(1.5)Si(4.5)O(26) LFSO,47.61,99.97,,99.53,165.63,,,,,,,,0,600,Electrolyte,Ceramic,bulk,,,,IEDP/SIMS,6.05E-10,7.45E-09,1.16E+00,1.8,Argirusis,Jothinathan,2014,10.1016/j.ssi.2014.01.035,,,,,